Autor normalizado,Nombre firma,Abreviatura,Nombre completo,Rol principal,Rol adquirido,Género,Comunidad,Subcomunidad,Año de nacimiento,Año de muerte,Lugar de nacimiento,Lugar de muerte,Formación,Fuente de institución,Profesión,Grado,Adscripción,Cargo,Afiliación,Reconocido,Movilidad,Linaje científico,Linaje descendiente,Epónimo recibido,Otorgado por,Epónimo asignado,Otorgado a,Aportación / Descubrimiento,Notas,Trabajo
José de Acosta: https://www.wikidata.org/wiki/Q555476,"Acosta, José de, 1540-1600.: https://viaf.org/viaf/2465365",,Joseph de Acosta Porres,misionero: https://www.wikidata.org/wiki/Q219477,"botánico: https://www.wikidata.org/wiki/Q2374149 , historiador: https://www.wikidata.org/wiki/Q201788 , teólogo: https://www.wikidata.org/wiki/Q1234713 , escritor: https://www.wikidata.org/wiki/Q36180 , sacerdote: https://www.wikidata.org/wiki/Q42603",,botánica: https://www.wikidata.org/wiki/Q441,,1540,1600,"Medina del campo, España","Salamanca, España",Universidad Complutense de Madrid: https://www.wikidata.org/wiki/Q219694,S,"profesor universitario: https://www.wikidata.org/wiki/Q1622272 , sacerdote: https://www.wikidata.org/wiki/Q42603",catedrático,,,,,,,,,,,,,,Historia natural y moral de las Indias
Johann Friedrich Adam: https://www.wikidata.org/wiki/Q62840,John Adams,J. Adams,John Adams,abogado: https://www.wikidata.org/wiki/Q40348,"político: https://www.wikidata.org/wiki/Q82955 , botánico: https://www.wikidata.org/wiki/Q2374149",,botánica: https://www.wikidata.org/wiki/Q441,Aloe: https://www.wikidata.org/wiki/Q127134,1735,1826,Massachusetts: https://viaf.org/viaf/130169058,"Provincia de la bahía de Massachusetts, Reino Unido",Universidad Harvard: https://www.wikidata.org/wiki/Q13371,,abogado: https://www.wikidata.org/wiki/Q40348,licenciado,gobierno estatal de Estados Unidos: https://www.wikidata.org/wiki/Q7603694,"Embajador de Estados Unidos en Reino Unido , presidente de los Estados Unidos: https://www.wikidata.org/wiki/Q11696 , Secretario de la Armada en Estados Unidos , Delegado en el Congreso Continental","Sociedad Filosófica Estadounidense: https://www.wikidata.org/wiki/Q466089 , Academia Estadounidense de las Artes y las Ciencias: https://www.wikidata.org/wiki/Q463303",Academia Estadounidense de las Artes y las Ciencias: https://www.wikidata.org/wiki/Q463303,"América del Norte: https://www.wikidata.org/wiki/Q49 , Reino Unido: https://www.wikidata.org/wiki/Q145",,John Quincy Adams: https://www.wikidata.org/wiki/Q1701484,,,,,,,A short account of the american aloe
Carl Adolph Agardh: https://www.wikidata.org/wiki/Q345654,,,,,,,botánica: https://www.wikidata.org/wiki/Q441,,,,,,,,,,,,,,,,,,,,,,,
William Aiton: https://www.wikidata.org/wiki/Q465898,"Aiton,William",Aiton,William Aiton,jardinero: https://www.wikidata.org/wiki/Q758780,botánico: https://www.wikidata.org/wiki/Q2374149,,botánica: https://www.wikidata.org/wiki/Q441,Real Jardín Botánico de Kew: https://www.wikidata.org/wiki/Q188617,1731,1793,"Escocia, Reino Unido","Kew, Inglaterra",,,botánico: https://www.wikidata.org/wiki/Q2374149,,Real Jardín Botánico de Kew,,,,Europa: https://www.wikidata.org/wiki/Q218640,Philip Miller: https://www.wikidata.org/wiki/Q312678,William Towsand Aiton,"Aitonia, Furcraea aitonii, Clivia aitonii, Dryopteris aitoniana, Erica aitoniana, Serruria aitonii, Empleurum aitonii","Carl Peter Thunberg, Jacobi, Rodolfo Emilio Giuseppe Pichi Sermolli, Conrad Loddiges, Robert Brown, Johann Friedrich Gmelin",,,Hortus Kewensis: Catálogo de plantas,,Hortus Kewensis or a catalogue of the plants cultivated in the royal botanic garden at kew
Lucas Alamán Gonzalez: https://www.wikidata.org/wiki/Q507298,Lucas Alamán: https://viaf.org/viaf/62295702,Alamán,Lucas Alamán Gonzalez: https://www.wikidata.org/wiki/Q507298,"empresario: https://www.wikidata.org/wiki/Q43845 , naturalista: https://www.wikidata.org/wiki/Q18805 , historiador: https://www.wikidata.org/wiki/Q201788 , escritor: https://www.wikidata.org/wiki/Q36180 , político: https://www.wikidata.org/wiki/Q82955","botánico: https://www.wikidata.org/wiki/Q2374149 , fundador: https://www.wikidata.org/wiki/Q4479442",,botánica: https://www.wikidata.org/wiki/Q441,Polylepis australis: https://www.wikidata.org/wiki/Q541294,1792,1853,Guanajuato (Mexico): https://viaf.org/viaf/124348288,Mexico City (Mexico): https://viaf.org/viaf/316429178,"Real Seminario de Minería: https://www.wikidata.org/wiki/Q28502495 , Colegio de la Purisima Concepcion: https://www.wikidata.org/wiki/Q12962932 , Colegio de Minería: https://www.wikidata.org/wiki/Q21281030",S,"empresario: https://www.wikidata.org/wiki/Q43845 , político: https://www.wikidata.org/wiki/Q82955",,Congreso de Diputados,"Diputado en las Cortes de España , secretario de Estado: https://www.wikidata.org/wiki/Q736559 , Secretario de la Junta de Salud Pública , Ministro de Relaciones y Gobernación: https://www.wikidata.org/wiki/Q70828829",Academia de Ciencias de Baviera: https://www.wikidata.org/wiki/Q684415,,"México: https://www.wikidata.org/wiki/Q96 , España: https://www.wikidata.org/wiki/Q29",,,"Perezia alamani, Jatropha alamanii, Colubrina alamanii","Rimo Carlo Felice, Johannes Müller Argoviensis, George Don",,,Fundó el Banco del Avío; Fundó el Archivo General de la Nación; Creación del Museo Nacional Mexicano; Fundó la Compañía Unida de Minas; Proyecto de Integración Pacto de Familia; Fundó varios periòdicos entre ellos El Tiempo y El Universal; Logró la adopción e introducción del Sistema Métrico Decimal,Sentó las bases de un instituto de historia y mejorar la antigua Academia de San Carlos; Propuso el establecimiento de escuelas de arte y agricultura,"Apuntes para el estudio del Tabaquillo, Varias notas botánicas y plantas secas remitidas a Ginebra a De Candolle, como se patentiza en el Produmus, Observaciones sobre el Achiote o Campeche"
Alas Alberto V,,,Alberto Alas,,,,botánica: https://www.wikidata.org/wiki/Q441,,,,,,,,,,,,,,,,,,,,,,,"Descripción y análisis del Tlanchinole o Hanchinol, Heimia syphilitica"
Albarran y Beiza Agustin,,,Agustin Albarrán y Beiza,,botánico: https://www.wikidata.org/wiki/Q2374149,,botánica: https://www.wikidata.org/wiki/Q441,Polylepis australis: https://www.wikidata.org/wiki/Q541294,,,,,,,,,,,,,,,,,,,,,,Apuntes para el estudio del Tabaquillo.
Bartolomé de Alcázar: https://www.wikidata.org/wiki/Q5721444,Bartholomé Alcázar,,Bartolomé de Alcázar: https://www.wikidata.org/wiki/Q5721444,"sacerdote: https://www.wikidata.org/wiki/Q42603 , historiador: https://www.wikidata.org/wiki/Q201788 , matemático: https://www.wikidata.org/wiki/Q170790","profesor universitario: https://www.wikidata.org/wiki/Q1622272 , botánico: https://www.wikidata.org/wiki/Q2374149",,botánica: https://www.wikidata.org/wiki/Q441,,1648,1721,Murcia (Spain : Region): https://viaf.org/viaf/168787556,Madrid (Spain : Region): https://viaf.org/viaf/169605151,,,"sacerdote: https://www.wikidata.org/wiki/Q42603 , profesor universitario: https://www.wikidata.org/wiki/Q1622272",,"Colegio de Oropesa , Colegio Imperial de Madrid: https://www.wikidata.org/wiki/Q578047","Fundador de la Real Academia Española , Rector del colegio de Cuenca",Real Academia Española: https://www.wikidata.org/wiki/Q11993457,Real Academia Española: https://www.wikidata.org/wiki/Q11993457,Europa: https://www.wikidata.org/wiki/Q218640,,,,,,,Fundador de la Real Academia Española,Publicó en las Memorias de Trevoux,Observaciones sobre el Achiote o Campeche
Antonio de Alcedo: https://www.wikidata.org/wiki/Q4777054,,,Antonio de Alcedo: https://www.wikidata.org/wiki/Q4777054,"militar: https://www.wikidata.org/wiki/Q47064 , médico: https://www.wikidata.org/wiki/Q39631","botánico: https://www.wikidata.org/wiki/Q2374149 , geógrafo: https://www.wikidata.org/wiki/Q901402",,botánica: https://www.wikidata.org/wiki/Q441,,1735,1812,Quito: https://viaf.org/viaf/312739660,Madrid (Spain : Region): https://viaf.org/viaf/169605151,"Colegio Imperial de Madrid: https://www.wikidata.org/wiki/Q578047 , Facultad de Medicina de Montpellier: https://www.wikidata.org/wiki/Q3298462",S,médico: https://www.wikidata.org/wiki/Q39631,,Ejército de Tierra de España: https://www.wikidata.org/wiki/Q1322103,,,,,,,,,,,,,"Diccionario geográfico-histórico de las Indias Occidentales o América: es á saber: de los reinos del Peru, Nueva España, Tierra-Firme, Chile, y Nuevo Reyno de Granada. Con la descipción de sus provincias,naciones, ciudades, villas, pueblos, rios,montes, costas, puertos, islas, arzobispados, obispados, audiencias, virreynatos, gobiernos,corregimientos y fortalezas, frutos y producciones: con expresión de sus descubridores, conquistadores y fundadores: conventos y religiones: erección de sus catedralesy obispos que ha habido en ellas: y noticia de los sucesos más notables de varios lugares: incendios, terremotos, sitios, é invasiones que han experimentado: y hombres ilustres que han producido."
Alcocer Gabriel,"Alcocer, Gabriel",,Gabriel Vidal Alcocer,,,,botánica: https://www.wikidata.org/wiki/Q441,,1801,1860,Mexico City (Mexico): https://viaf.org/viaf/316429178,Mexico City (Mexico): https://viaf.org/viaf/316429178,Colegio de San Juan de Letrán de México: https://www.wikidata.org/wiki/Q1108060,S,"educador: https://www.wikidata.org/wiki/Q974144 , benefactor: https://www.wikidata.org/wiki/Q4887411 , filántropo: https://www.wikidata.org/wiki/Q12362622",,,,,,,,,,,,,Logró consolidar la Sociedad de Beneficencia para la Educación y Amparo de la niñez desvalida,,El bosque de Chapultepec: proyecto de un Jardin Botánico
Alcocer Pascual,,,Pascual Alcocer,,,,botánica: https://www.wikidata.org/wiki/Q441,,,,,,,,,,,,,,,,,,,,,,,
José Luis Rodríguez Alconedo: https://www.wikidata.org/wiki/Q5941683,Luis Rodríguez Alconedo,,José Luis Rodrígez Alconedo,,,,botánica: https://www.wikidata.org/wiki/Q441,,1761,1815,Atlixco (México): https://viaf.org/viaf/134905205,"Apan, Hidalgo",,,,,,,,,,,,,,,,,,"Plantas, estudios y dibujos de ellas que nunca se publicaron"
Juan José Gómez-Alday: https://www.wikidata.org/wiki/Q57908354,,,,,,,botánica: https://www.wikidata.org/wiki/Q441,,,,,,,,,,,,,,,,,,,,,,,
Aldinus Tobias,T. Aldini,,Tobias Aldini de Cesena,"médico: https://www.wikidata.org/wiki/Q39631 , químico: https://www.wikidata.org/wiki/Q593644 , cirujano: https://www.wikidata.org/wiki/Q774306",botánico: https://www.wikidata.org/wiki/Q2374149,,botánica: https://www.wikidata.org/wiki/Q441,,1570,1662,Italy: https://viaf.org/viaf/152361066,Messina: https://viaf.org/viaf/150808161,,,profesor: https://www.wikidata.org/wiki/Q37226,,Jardines de Farnesio: https://www.wikidata.org/wiki/Q996541,director: https://www.wikidata.org/wiki/Q1162163,,,Europa: https://www.wikidata.org/wiki/Q218640,Paolo Baccone,,,,,,Creó los jardines botánicos de Messina,,Hortus Farnesianus
Ramón de Alfaro,,,Ramón Alfaro,,,,botánica: https://www.wikidata.org/wiki/Q441,,,,,,,,,,,,,,,,,,,,,,,Del Cihoapatli o Zoapatle
Allionnii Caroli,Allioni,All.,Carlo Allioni: https://www.wikidata.org/wiki/Q161420,médico: https://www.wikidata.org/wiki/Q39631,"naturalista: https://www.wikidata.org/wiki/Q18805 , botánico: https://www.wikidata.org/wiki/Q2374149",,botánica: https://www.wikidata.org/wiki/Q441,,1728,1804,Turin (Italy): https://viaf.org/viaf/140645170,Turin (Italy): https://viaf.org/viaf/140645170,Colegio de médicos,,"profesor universitario: https://www.wikidata.org/wiki/Q1622272 , médico: https://www.wikidata.org/wiki/Q39631",,"Universidad de Turín: https://www.wikidata.org/wiki/Q499911 , Jardín Botánico de Turín","Director del Jardín Botánico de Turín , Jefe médico del Rey Víctor Amadeo III","Royal Society: https://www.wikidata.org/wiki/Q123885 , Academia de Ciencias de Turín: https://www.wikidata.org/wiki/Q2822396",Royal Society: https://www.wikidata.org/wiki/Q123885,Europa: https://www.wikidata.org/wiki/Q218640,,,"Allionia, Arabis Allioni, Jobibarba Allioni, Primula Allioni, Veronica Allioni","Augustin Pyrame de Candole, David Allardyce Webb, Jean Lois Auguste, Dominique Villars",,,,,"Rarioum pedemontii stirpium specimen primum, Flora pedemontana"
Almodavar Fr Lucas,Fray Lúcas de Almodóvar,,Lúcas de Almodovar,"fraile: https://www.wikidata.org/wiki/Q548320 , médico: https://www.wikidata.org/wiki/Q39631",botánico: https://www.wikidata.org/wiki/Q2374149,,botánica: https://www.wikidata.org/wiki/Q441,,,1550,"Almodóvar de Campo, España","Almodóvar de Campo, España",,,médico: https://www.wikidata.org/wiki/Q39631,,,,,,"Europa: https://www.wikidata.org/wiki/Q46 , América",Juan Alcázar,,,,,,,,Farmacopea prontuaria
Altamirano Federico,Federico Altamirano,,Federico Altamirano Carbajal,,botánico: https://www.wikidata.org/wiki/Q2374149,,botánica: https://www.wikidata.org/wiki/Q441,,1850,1886,"Aculco, Estado de México",Mexico City (Mexico): https://viaf.org/viaf/316429178,,,,,,,,,,,,,,,,,,El zoapatle
Fernando Altamirano: https://www.wikidata.org/wiki/Q5444587,"Altamirano, Fernando, 1848-1908",Altam.,Fernando Guilebaldo Isabel Jaun José María de Jesús Altamirano Carbajal,"médico: https://www.wikidata.org/wiki/Q39631 , naturalista: https://www.wikidata.org/wiki/Q18805",botánico: https://www.wikidata.org/wiki/Q2374149,,botánica: https://www.wikidata.org/wiki/Q441,Instituto Médico Nacional: https://www.wikidata.org/wiki/Q16579043,1848,1908,"Aculco, Estado de México",Mexico City (Mexico): https://viaf.org/viaf/316429178,"Colegio Civil: https://www.wikidata.org/wiki/Q5776873 , Escuela Nacional Preparatoria: https://www.wikidata.org/wiki/Q1367381 , Escuela Nacional de Medicina , Academia Nacional de Medicina de México: https://www.wikidata.org/wiki/Q22687965",S,médico: https://www.wikidata.org/wiki/Q39631,catedrático,"Escuela Nacional de Medicina y Homeopatía (IPN): https://www.wikidata.org/wiki/Q5838766 , Sociedad Mexicana de Historia Natural: https://www.wikidata.org/wiki/Q6130937 , Hospital de San Andrés: https://www.wikidata.org/wiki/Q52859330 , Instituto Médico Nacional: https://www.wikidata.org/wiki/Q16579043","Director de la Sociedad Mexicana de Historia Natural , Fundador y director del Instituto Médico Nacional",Sociedad Mexicana de Historia Natural: https://www.wikidata.org/wiki/Q6130937,Instituto Médico Nacional: https://www.wikidata.org/wiki/Q16579043,México: https://www.wikidata.org/wiki/Q96,Manuel Altamirano,Fernando Altamirano y González,"Eryngium Altamiranoi, Pinus Altamiranoi, Bumelia Altamiranoi, Leucophyllum Altamiranii, Ribes Altamirani, Nolina Altamiranoana, Citharexylum Altamiranum, Mesoscincus Altamirani, Ambystoma Altamirani","William Botting Hemsley, Charles Sprague Sargent, Joseph Nelson Rose, Paul Carpenter Standley, Manuel Urbina y Altamirano, Edward Janczewski, Joseph Nelson Rose, Jesse More Greenman, Alfredo Dugés, Alfredo Dugés",,,Junto a Joseph Nelson Rose describieron una Euforbiácea; Descubrió una especie de ajolote; Fue el primero en investigar y aislar el plumbagina,Publicó articulos en la Gaceta Médica de México y en revistas como: La Naturaleza ; El Estudio ; Los Anales del Instituto Médico Nacional; Participó en Congresos como: IX Congreso Internacional de Higiene y Demografía,"Sobre efectos de Guau, El árbol del Mamey, Catálogo de la colección de productos naturales indigenas remitidos por la sociedad de Historia Natural a la Exposicion internacional de Filadelfia, Del colorín, Tabaquillo, Leguminosas indigenas medicinales. Contribución al estudio de la farmacología nacional, Apuntes para el estudio de los medicamentos irritantes indígenas,Algunas observaciones sobre dos plantas medicinales indigenas Cascalote y Lentejilla, Clasificación botanica y aplicaciones útiles de las plantas remitidas por el ministro de fomento, Apuntes para el estudio de la cocaina, La uretana, Texcalama, Nuevos apuntes para el estudio del colorin, Axocopaque o Axocopaconi de Hernández. Ericáceas, Gautheria ovata. D.C, Segundo articulo sobre el Axocopaque o Axocopaconi de Hernández, El Chahuax, La yerba del chicle Asclepias lanuginosa, Breve informe acerca de los trabajos hechos en el Instituto Médico Nacional para el diseño de la planta llamada Matarique . Ccacalia Decomposita, Reseña de una expedición científica al Estado de Michoacán, Apuntes para el estudio de la acción fisiologica y terapéutica de la Lobelia Laxifolia H. B. K.: var angustifolia, Apuntes para el estudio de la acción fisiologica y terapéutica de la Lobelia Laxifolia H. B. K.: var angustifolia, Algunos datos farmacológicos acerca de catorce plantas mexicanas, Proyecto para formar una Farmacopea Panamericana presentado al Congreso Panamericano, Datos para las aplicaciones medicas del Indigo, El Pañete: plumbago pulchella- plumbagíneas, El Matarique: cacalia decomposita- compuestas, La Atanasia amarga: bickelia cavanillesii- compuestas, El simonillo: conyza filaginoides, D.C, El añil: indigofera anil- leguinosas, Lista de los nombres vulgares y botánicos de arboles y arbustos propios para repoblar los bosques de la República acompañados de la indicación de los climas en que vegetan y de la manera de propagarlos, Descripción de todas las drogas, Ligeros apuntes de la flora del camino entre México, Tulancingo y Huauchinango, Apuntes sobre el Huicicialtemetl, Repertorio de plantas medicinales indígenas, Plantas de Nueva España"
Altamirano Manuel,Manuel Altamirano,,José Manuel Altamirano Mier,médico: https://www.wikidata.org/wiki/Q39631,"profesor universitario: https://www.wikidata.org/wiki/Q1622272 , botánico: https://www.wikidata.org/wiki/Q2374149",,botánica: https://www.wikidata.org/wiki/Q441,,1785,1865,Querétaro (Mexico): https://viaf.org/viaf/159454608,Querétaro (Mexico): https://viaf.org/viaf/159454608,Real Jardín Botánico de la Nueva España,S,"médico: https://www.wikidata.org/wiki/Q39631 , profesor universitario: https://www.wikidata.org/wiki/Q1622272",,Congreso Constitucional de México,diputado: https://www.wikidata.org/wiki/Q1055894,,Descripción taxonómica de plantas mexicanas,México: https://www.wikidata.org/wiki/Q96,Vicente Cervantes: https://www.wikidata.org/wiki/Q920680,"Fernando Altamirano: https://www.wikidata.org/wiki/Q5444587 , Manuel Urbina y Altamirano: https://www.wikidata.org/wiki/Q5994491",Ternstroemia altamirania,Christian Julius Wilhelm Schiede,,,Entre los escritos de botánica médica tiene Cartilla Botánica donde se describe taxonomias y nombres indígenas de especies en México; Nociones de botánica con definiciones en verso y explicaciones en prosa; Disertación acerca de los hongos publicada en 1839 en el periódico de la Academia de Medicina de Mégico distinguían entre hongos comestibles y venenosos,Publicó en la revista: Registro Trimestre,"Disertación acerca de los hongos, Cartilla botánica dispuesta por M. Altamirano, Algunas nociones de botánica en versos por M. Altamirano"
Alvarado y Rivera Ignacio,,,Ignacio Alvarado Rivera,,botánico: https://www.wikidata.org/wiki/Q2374149,,botánica: https://www.wikidata.org/wiki/Q441,,1867,1902,,"San Antonio, Tex.: https://viaf.org/viaf/153426020",,,,,,,,,,,,,,,,,,Breve estudio sobre el Cintul
José Antonio Alzate: https://www.wikidata.org/wiki/Q3186155,,,José Antonio Alzate: https://www.wikidata.org/wiki/Q3186155,sacerdote: https://www.wikidata.org/wiki/Q42603,"botánico: https://www.wikidata.org/wiki/Q2374149 , naturalista: https://www.wikidata.org/wiki/Q18805 , astrónomo: https://www.wikidata.org/wiki/Q11063 , geógrafo: https://www.wikidata.org/wiki/Q901402 , periodista: https://www.wikidata.org/wiki/Q1930187 , editor: https://www.wikidata.org/wiki/Q1607826 , escritor: https://www.wikidata.org/wiki/Q36180 , científico: https://www.wikidata.org/wiki/Q901 , cartógrafo: https://www.wikidata.org/wiki/Q1734662",,botánica: https://www.wikidata.org/wiki/Q441,,1737,1799,Ozumba (Mexico): https://viaf.org/viaf/55144647639933081790,Mexico City (Mexico): https://viaf.org/viaf/316429178,Antiguo Colegio de San Ildefonso: https://www.wikidata.org/wiki/Q2297137,S,"filósofo: https://www.wikidata.org/wiki/Q4964182 , teólogo: https://www.wikidata.org/wiki/Q1234713 , sacerdote: https://www.wikidata.org/wiki/Q42603 , astrónomo: https://www.wikidata.org/wiki/Q11063 , cartógrafo: https://www.wikidata.org/wiki/Q1734662 , geógrafo: https://www.wikidata.org/wiki/Q901402 , historiador: https://www.wikidata.org/wiki/Q201788 , naturalista: https://www.wikidata.org/wiki/Q18805",,,,,,México: https://www.wikidata.org/wiki/Q96,,,,,,,,Publicó en 1768 el Diario Literario de México contemplando un total de 8 números. En 1772 publicó Asuntos varios sobre Ciencias y Artes con un total de 13 números. En 1787 publicó Observaciones sobre la Física; Historia Natural y Artes Útiles con un total de 14 números. En 1788 publicó la Gazeta de Literatura en México,"Método para sembrar, podar y sacar fruto de las moreras, Repulsa a lo publicado por D. Joseph de Vazquez, Botánica, Observaciones sobre el cura del gálico, Memorias acerca del ambar amarillo, Memoria acerca del cultivo del añil, Sobre la agricultura y principalmente tocante al Añil, Un articulo referente a la obra examen de una sustancia gelatinosa, colectada por M. Domber en Nopal por Mr. Sage, Sobre la Yuca, Sobre el Chayote, Memoria acerca de la hierba del pollo, Memoria sobre agricultura, Sobre el arbol de las cuentas de Xabon, Sobre el pochote, Tinta, Medicina botánica, Remedio contra la rabia. Es el árbol de la Margarita, Industrias ó arbitros económicos para el tiempo calamitoso a beneficio publico, Modo de alimentar puercos con bellota, Sobre el uso de la arnica, Preservativo contra los insectos en las coelcciones de Historia Natural: La cebadilla, Consejos utiles para socorrer a la necesidad en tiempo que escasean los comestibles, Continuación del papel que con el título de consejos y con un sumplemento al papel que con el título de consejos, Sobre el maíz, Agricultura, Receta para hacer tortillas con olote mezclado con maíz, Modo de hacer tortillas, Modo de hacer tortillas con la cabeza del maguey, Sobre los jardineros de Europa, Sobre la goma lacca, Carta satisfactoria a un literato, Sobre Cuapinole, Sobre el trigo, Siguen los trigos, Sobre el maíz, Remedio contra las lombrices y para conservar la dentadura, Utilidad de la yerba de carbonero, Noticia de la impresión de la obra de Hernández, Otro alimento para el socorro de los pobres enfermos y sanos, Memoria sobre el beneficio y cultivo del cacao, Memoria sobre la naturaleza; cultivo y beneficio de la grana, Descipción de una máquina muy sencilla y muy util para deshuesar el algodón, Sobre la planta de raíz de Xalapa, Sobre la jicama, Sobre el Tlalpopotl, Sobre el Coxticxochitl, Yerba de las cucarachas, Memorias sobre la seda silvestre de Nueva España, descripción de los gusanos de ella y de los arboles en que trabajan, Noticia de las pasiones, usos e inclinaciones de los indios"
Amarador de los Rios Jose,,,,,,,botánica: https://www.wikidata.org/wiki/Q441,,,,,,,,,,,,,,,,,,,,,,,
Francesco Ambrosi: https://www.wikidata.org/wiki/Q2333145,Ambrosi F.,Ambrosi,Francesco Ambrosi,historiador: https://www.wikidata.org/wiki/Q201788,"bibliotecario: https://www.wikidata.org/wiki/Q182436 , botánico: https://www.wikidata.org/wiki/Q2374149",,botánica: https://www.wikidata.org/wiki/Q441,Cátedra de historia,1821,1897,"Bolgo Valsugana, Italia","Bolgo Valsugana, Italia",,,"etnólogo: https://www.wikidata.org/wiki/Q1371378 , zoólogo: https://www.wikidata.org/wiki/Q350979",,"Biblioteca Pública de Trento , Museo de Ciencias Naturales de trento","Director del Museo de Ciencias naturales de Trento , Director de la Biblioteca Pública de Trento","Société Botanique de France: https://www.wikidata.org/wiki/Q1506427 , Sociedad de los Alpinistas Tridentini",,Europa: https://www.wikidata.org/wiki/Q218640,"Franceso Angelo Facchini , Casimiro Sartorelli , Theodor Mommsen: https://www.wikidata.org/wiki/Q25351",,,,,,,,Flora Tyroliae Australis
Jean-Jacques Ampère: https://www.wikidata.org/wiki/Q380824,,,Jean-Jacques Ampère: https://www.wikidata.org/wiki/Q380824,,,,botánica: https://www.wikidata.org/wiki/Q441,,1800,1864,France: https://viaf.org/viaf/170385099,Pau (France): https://viaf.org/viaf/159435654,,,,,,,,,Francia: https://www.wikidata.org/wiki/Q142,,,,,,,,,Promenade en Amerique
Joaquín Ancona Albertos: https://www.wikidata.org/wiki/Q5931702,"Ancona, Joaquin",,Joaquín Ancona Albertos: https://www.wikidata.org/wiki/Q5931702,,,,botánica: https://www.wikidata.org/wiki/Q441,,1893,1971,,,,,,,,,,,,,,,,,,,,Industria agraria: el algodonero
Anderson James,JWJ Anderson,,James Anderson,,,,botánica: https://www.wikidata.org/wiki/Q441,,,,,,,,,,,,,,,,,,,,,,,"Plantae Scandinavie, Ueber die Vegetation der Galapagos"
Andrade Agustin,,,Agustin Andrade,,,,botánica: https://www.wikidata.org/wiki/Q441,,,,,,,,,,,,,,,,,,,,,,,Tratamiento del Coriza o Catarro nasal por la atropina administrada interiormente
Andrade Jose,,,Jose Antonio Andrade,,,,botánica: https://www.wikidata.org/wiki/Q441,,,,,,,,,,,,,,,,,,,,,,,Memoria sobre el cultivo del algodón y de los gastos para situarlo en los puertos por el socio honorario D. Jose Andrade
François André Michaux: https://www.wikidata.org/wiki/Q2986883,,,Edouard Francois André,,,,botánica: https://www.wikidata.org/wiki/Q441,,,,,,,,,,,,,,,,,,,,,,,"Description des quatre parties du Monde: Europe, Asie, Afrique, Amerique"
Anónimo,Anónimo,,,,,,botánica: https://www.wikidata.org/wiki/Q441,,,,,,,,,,,,,,,,,,,,,,,"El puntero apuntado con apuntales breves. Para que no sea corto en la fábrica de la tinta añil o tinta annal, Historie naturalle du cacao el du sucre divisée en deux traitez contiennent plusieurs faits nounveaux, et beaucoup dóbservation egalemnet curieu u utiles, Versuch einer poetischen Beschreibung zweier amerikanischen aloen, Modo facil de beneficiar las malvas y sacar de llas generosas semejantes al cáñamo y no solo para hacer de ellas cuerdas y cable sino tambien ropa para beneficio de las gentes especialmente de los pobres, Tortillas de maguey, Quina naranjada, De las hojas de los vegetales, Del Ceroxilo o palmero de cera, Una planta mostruosa, Jardines antiguos de México, El papayo, La hortensia, el jazmin, la dahalia y la peonia, La flor de las manitas, Ciencias agriciolas (agricultura), Investigaciones sobre las plantas de cultivo en México, Las flores animadas, Fenómenos de la vegetación, Jardin botánico, Nociones elementales de la botánica, Floricultura, Manzanilla, Breves instrucciones para colectar plantas, Philadelphia International Exhibition, 1876, Mexican Section: Special Catalogue and Explanatory Notes, Noticias sobre las propiedades febrífugas y antipalúdicas del pambotano (Calliandria Hustoni), Catálogo de frutas que produce el Estado de Jalisco, Estudio fisico-quimico de la grasa del yoyote, Acción del chilillo, Apuntes sobre algunas plantas medicinales de Zacatecas"
Antoine Franz,Antoine F.,Antoine,Franz Antoine,jardinero: https://www.wikidata.org/wiki/Q758780,"Fotógrafo , botánico: https://www.wikidata.org/wiki/Q2374149 , horticultor: https://www.wikidata.org/wiki/Q3140857",,botánica: https://www.wikidata.org/wiki/Q441,Bromeliaceae: https://www.wikidata.org/wiki/Q156529,1815,1886,Vienne (Autriche): https://viaf.org/viaf/45145424500086831364,Vienne (Autriche): https://viaf.org/viaf/45145424500086831364,,,fotógrafo: https://www.wikidata.org/wiki/Q33231,,Palacio de Schönbrunn: https://www.wikidata.org/wiki/Q131330,"Director del jardín del Palacio de Schönbrunn , Director de jardinería de todos los jardines imperiales de la monarquía Astro - Húngara",,,Europa: https://www.wikidata.org/wiki/Q218640,,,,,,,,Trabajo con la clasificación científica de los vegetales,Atlas zur Phyto iconographie der bromeliaccen des k.k. Hofburg- Gartens
Esteban de Antuñano: https://www.wikidata.org/wiki/Q5849195,,,Esteban de Antuñano: https://www.wikidata.org/wiki/Q5849195,empresario: https://www.wikidata.org/wiki/Q43845,"botánico: https://www.wikidata.org/wiki/Q2374149 , Economísta",,botánica: https://www.wikidata.org/wiki/Q441,manufacturing industry: https://www.wikidata.org/wiki/Q10861389,1792,1847,Veracruz: https://viaf.org/viaf/125435784,Puebla (Mexico : State): https://viaf.org/viaf/150092855,,,economista: https://www.wikidata.org/wiki/Q188094,,,,,,"México: https://www.wikidata.org/wiki/Q96 , Inglaterra: https://www.wikidata.org/wiki/Q21",,,,,,,Fundador de la Industria Mexicana,,"Documentos para la historia de las indutria algodonera de México, en lo fabril y en lo agrícola ó sea narración y calculos estadisticos sobre ella"
Antoine Laurent Apollinaire Fée: https://www.wikidata.org/wiki/Q2627241,Fée,,Antoine Laurent Apollinaire Fée: https://www.wikidata.org/wiki/Q2627241,farmacéutico: https://www.wikidata.org/wiki/Q105186,"botánico: https://www.wikidata.org/wiki/Q2374149 , micólogo: https://www.wikidata.org/wiki/Q2487799 , pteridólogo: https://www.wikidata.org/wiki/Q16334509",,botánica: https://www.wikidata.org/wiki/Q441,,1789,1874,"Ardentes, Francia",France: https://viaf.org/viaf/170385099,,,farmacéutico: https://www.wikidata.org/wiki/Q105186,,"Société Botanique de France: https://www.wikidata.org/wiki/Q1506427 , Académie Nationale de Médecine: https://www.wikidata.org/wiki/Q337555 , Academia de Ciencias de Turín: https://www.wikidata.org/wiki/Q2822396 ,",,,,Francia: https://www.wikidata.org/wiki/Q142,,,,,,,,,"Iconographie des espèces nouvelles décrites ou énumérées clans le Genera Filicum, Catalogue méthodique des Fougères et des Lycopocliacées du Mexique."
Aranda Diaz Pedro,,,Pedro Aranda Diaz,,botánico: https://www.wikidata.org/wiki/Q2374149,,botánica: https://www.wikidata.org/wiki/Q441,,,,,,,,,,,,,,,,,,,,,,,Contribución al estudio de la esparteina
Giovanni Arcangeli: https://www.wikidata.org/wiki/Q1372712,,Arcang.,Giovanni Arcangeli: https://www.wikidata.org/wiki/Q1372712,botánico: https://www.wikidata.org/wiki/Q2374149,Profesor,,botánica: https://www.wikidata.org/wiki/Q441,,1840,1921,Florence (Italy): https://viaf.org/viaf/149719242,Pisa: https://viaf.org/viaf/204007255,Universidad de Pisa: https://www.wikidata.org/wiki/Q645663,S,profesor: https://www.wikidata.org/wiki/Q37226,,Universidad de Pisa: https://www.wikidata.org/wiki/Q645663,"catedrático: https://www.wikidata.org/wiki/Q121594 , Director del Jardín Botánico de Pisa",Academia de Ciencias de Turín: https://www.wikidata.org/wiki/Q2822396,,Europa: https://www.wikidata.org/wiki/Q218640,Ugolino Martelli: https://www.wikidata.org/wiki/Q4002954,,Menispermaceae Arcangelisia,Odeardo Beccari,,,,,Compendio de la flora italiana
Ricardo Arevalo: https://www.wikidata.org/wiki/Q90493062,,,Ricardo Arevalo: https://www.wikidata.org/wiki/Q90493062,,botánico: https://www.wikidata.org/wiki/Q2374149,,botánica: https://www.wikidata.org/wiki/Q441,,,,,,,,,,,,,,,,,,,,,,,Estudio sobre la corteza de Copalchi
Armendariz Eduardo,,,,botánico: https://www.wikidata.org/wiki/Q2374149,,,botánica: https://www.wikidata.org/wiki/Q441,expedición: https://www.wikidata.org/wiki/Q2401485,,,,,,,,,,,,,México: https://www.wikidata.org/wiki/Q96,Fernando Altamirano: https://www.wikidata.org/wiki/Q5444587,,,,,,Participó en las expediciones de Fernando Altamirano,,"Un nuevo reactivo para la investigación de los álcalis, Una nueva aplicación de la fotografía, Apuntes acerca de una contrahierba de México, Estudio quimico del Zoapatli, Estudio de los ejemplares remitidos con el nombre de cera vegetal, Dosificación aproximada de la Clorofila, Analisis de las semillas del Yoloxochitl, Análisis de la bocconia"
José Joaquín Arriaga: https://www.wikidata.org/wiki/Q124415450,,,José Joaquín Arriaga: https://www.wikidata.org/wiki/Q124415450,divulgador científico: https://www.wikidata.org/wiki/Q15143191,Profesor,,botánica: https://www.wikidata.org/wiki/Q441,Sociedad Mexicana de Historia Natural: https://www.wikidata.org/wiki/Q6130937,1831,1896,Puebla (Mexico : State): https://viaf.org/viaf/150092855,Mexico City (Mexico): https://viaf.org/viaf/316429178,"Escuela Lancasteriana La Divina Providencia , Real e Imperial Colegio , Colegio de Minería: https://www.wikidata.org/wiki/Q21281030",,profesor: https://www.wikidata.org/wiki/Q37226,ingeniero,"Universidad Autónoma Chapingo: https://www.wikidata.org/wiki/Q2495679 , Revista El Minero Mexicano , Sociedad Mexicana de Historia Natural: https://www.wikidata.org/wiki/Q6130937 ,","inspector general: https://www.wikidata.org/wiki/Q2305417 , Subsecretario de fomento como gerente de ferrocarril , Editor de la revista El Minero Mexicano ,","Sociedad Mexicana de Historia Natural: https://www.wikidata.org/wiki/Q6130937 , Sociedad Católica , Academia de Ciencias Naturales de Philadelphia , Sociedad Humboldt , Compañía Lancasteriana de México , Sociedad Mexicana de Geografía y Estadística: https://www.wikidata.org/wiki/Q7551902","Sociedad Mexicana de Minería , Sociedad Mexicana de Geografía y Estadística: https://www.wikidata.org/wiki/Q7551902",México: https://www.wikidata.org/wiki/Q96,,,,,,,Fundador de varias revistas religiosas; Fundo la Sociedad Mexicana de Historia Natural,La revista La Naturaleza pertenece a la Sociedad Mexicana de Historia Natural,La ciencia recreativa. Publicación dedicada a los niños de clases trabajadoras
Artigas Gustavo R,,,Gustavo R. Artigas,botánico: https://www.wikidata.org/wiki/Q2374149,,,botánica: https://www.wikidata.org/wiki/Q441,,,,,,,,,,,,,,,,,,,,,,,Estudios sobre la flor de noche buena
Atristain Federico,,,Federico Atristain,botánico: https://www.wikidata.org/wiki/Q2374149,,,botánica: https://www.wikidata.org/wiki/Q441,,,,,,,,,,,,,,,,,,,,,,,Cultivo y explotación del naranjo
John Woodhouse Audubon: https://www.wikidata.org/wiki/Q18508415,"Audubon, J.W.",,John Woodhouse Audubon: https://www.wikidata.org/wiki/Q18508415,botánico: https://www.wikidata.org/wiki/Q2374149,,,botánica: https://www.wikidata.org/wiki/Q441,,1812,1862,Estados Unidos: https://viaf.org/viaf/130168302,Estados Unidos: https://viaf.org/viaf/130168302,,,,,,,,,,,,,,,,,,Illustrad notes of an Expedition through Mexico and California
August Ascherson Paul Friedich,Asch,,Paul Friedich August Ascherson,historiador: https://www.wikidata.org/wiki/Q201788,"lingüista: https://www.wikidata.org/wiki/Q14467526 , etnógrafo: https://www.wikidata.org/wiki/Q12347522 , botánico: https://www.wikidata.org/wiki/Q2374149",,botánica: https://www.wikidata.org/wiki/Q441,,1834,1913,Germany (East): https://viaf.org/viaf/125035363,Germany (East): https://viaf.org/viaf/125035363,"Universidad Federico Guillermo: https://www.wikidata.org/wiki/Q20266330 , Universidad Humboldt de Berlín: https://www.wikidata.org/wiki/Q152087",,historiador: https://www.wikidata.org/wiki/Q201788,catedrático,"Academia Alemana de las Ciencias Naturales Leopoldina: https://www.wikidata.org/wiki/Q543804 , Academia de Ciencias de Hungría: https://www.wikidata.org/wiki/Q265058",,,,,,,"Aschersonia, Aschersoniodoxa","Ferdinand von Mueller, Ernest Friedrich Gilg, Reinhold Conrad Muschler",,,,,"Uber Euchlaena Mexicana Schard, Catalogus cormophytorum et anthophylorum serbie, bosniae, Herzegovian, Montes Scodri, Albaniae hucusque cognitorum"
Augustus Kanitz: https://www.wikidata.org/wiki/Q115970616,,,,,,,botánica: https://www.wikidata.org/wiki/Q441,,,,,,,,,,,,,,,,,,,,,,,"Catalogus cormophytorum et anthophylorum serbie, bosniae, Herzegovian, Montes Scodri, Albaniae hucusque cognitorum"
Aveleyra Ramon N,,,Ramón Aveleyra N.,botánico: https://www.wikidata.org/wiki/Q2374149,,,botánica: https://www.wikidata.org/wiki/Q441,,,,,,,,,,,,,,,,,,,,,,,Sustitución de algunas drogas indígenas
Avila Miguel,,,Miguel Avila: https://www.wikidata.org/wiki/Q6844442,botánico: https://www.wikidata.org/wiki/Q2374149,,,botánica: https://www.wikidata.org/wiki/Q441,,,,,,,,,,,,,,,,,,,,,,,"Pequeños estudios sobre el Mispatle o Quixmipatle, Chapuz y Chapuzina. Breve estudio sobre su acción fisiologica"
Aznar Barbachano Tomas,,,Tomas Barbachano Aznar,botánico: https://www.wikidata.org/wiki/Q2374149,,,botánica: https://www.wikidata.org/wiki/Q441,,,,,,"Colegio Clerica , Universidad Autónoma de Yucatán: https://www.wikidata.org/wiki/Q2684607",,,,,"sargento: https://www.wikidata.org/wiki/Q157696 , profesor: https://www.wikidata.org/wiki/Q10639464",,,,,,,,,,,,"La caña de azúcar en Yucatán, El coco"
B White,,,,,,,botánica: https://www.wikidata.org/wiki/Q441,,,,,,,,,,,,,,,,,,,,,,,
Badillo Eulalio R,,,Eulalio Badillo,botánico: https://www.wikidata.org/wiki/Q2374149,,,botánica: https://www.wikidata.org/wiki/Q441,,,,,,,,,,,,,,,,,,,,,,,Apuntes sobre el cultivo del chile
Badillo Perfecto,,,Perfecto Badillo,botánico: https://www.wikidata.org/wiki/Q2374149,,,botánica: https://www.wikidata.org/wiki/Q441,algodón: https://www.wikidata.org/wiki/Q11457,,,,,,,,,,,,,,,,,,,,,,Manual para el cultivo del algodonero en el territorio del Carmen
Bailey Liberty Hyde Jr,Baillon,,Liberty Hyde Bailey: https://www.wikidata.org/wiki/Q152366,botánico: https://www.wikidata.org/wiki/Q2374149,,,botánica: https://www.wikidata.org/wiki/Q441,,1858,1954,Michigan: https://viaf.org/viaf/267241450,New York State: https://viaf.org/viaf/146785329,,,,,,,,,,,,,,,,,,"A preliminar synopsis of North American Carices including those of Mexico, Central America and Greenland, whith de American bibliography of the Genus"
Henri Ernest Baillon: https://www.wikidata.org/wiki/Q461931,L.H. Bailey,,Henri Ernest Baillon: https://www.wikidata.org/wiki/Q461931,botánico: https://www.wikidata.org/wiki/Q2374149,,,botánica: https://www.wikidata.org/wiki/Q441,,1827,1895,France: https://viaf.org/viaf/264091107,France: https://viaf.org/viaf/264091107,,,,,,"Oficial de la Orden Nacional de la Legión de Honor: https://www.wikidata.org/wiki/Q10855195 , Caballero de la Orden Nacional de la Legión de Honor: https://www.wikidata.org/wiki/Q10855271","Royal Society: https://www.wikidata.org/wiki/Q123885 , Academia Rumana: https://www.wikidata.org/wiki/Q901677 , Société Botanique de France: https://www.wikidata.org/wiki/Q1506427 , Academia de Ciencias de Rusia: https://www.wikidata.org/wiki/Q83172",,Francia: https://www.wikidata.org/wiki/Q142,,,,,Henri Théophile Bocquillon,Género Baillonia,,,"Histoire des plantes, Dictionnaire de botanique"
Baker John Gilbert,,,John Gilbert Baker,botánico: https://www.wikidata.org/wiki/Q2374149,,,botánica: https://www.wikidata.org/wiki/Q441,Agave: https://www.wikidata.org/wiki/Q155874,1834,1920,,,,,botánico: https://www.wikidata.org/wiki/Q2374149,,,,"Royal Society: https://www.wikidata.org/wiki/Q123885 , Sociedad Linneana de Londres: https://www.wikidata.org/wiki/Q867447",,,,,,,,,,Publicó 400 artículos principalmente en las revistas J. of Botany; British & Foreign; Revista de la Sociedad Linneana y Kew Bulletin,"The genus agave, Succinto della Monographia delle Agave, The species of fourcroya, A synopsis of aloinae and Yuccoideae, Handbook of the fern-allies: a synopsis of the genera and species of the natural orders, Equisetaceae, Selaginellaceae, Lycopodiaceae, Rhizocarpeae., Handbook of the Amarylidae, including the Alstroemicae and Agaveae, Handbook of the bromeliaceae"
Manuel Balbontín: https://www.wikidata.org/wiki/Q124415558,,,Manuel Balbontín: https://www.wikidata.org/wiki/Q124415558,militar: https://www.wikidata.org/wiki/Q47064,"botánico: https://www.wikidata.org/wiki/Q2374149 , novelista: https://www.wikidata.org/wiki/Q6625963",,botánica: https://www.wikidata.org/wiki/Q441,,,,,,,,,,,,,,,,,,,,,,,Los bosques
Ballcke CM,,,C. M. Ballcke,botánico: https://www.wikidata.org/wiki/Q2374149,,,botánica: https://www.wikidata.org/wiki/Q441,,,,,,,,,,,,,,,,,,,,,,,Die Ananas und ihre Kultur. Nach eigenen Erfahrungen hearb
Balmis Berenguer Xavier Antonio,Balmis,,Xavier Antonio Balmis Berenguer,médico: https://www.wikidata.org/wiki/Q39631,"botánico: https://www.wikidata.org/wiki/Q2374149 , cirujano: https://www.wikidata.org/wiki/Q774306 , Artista",,botánica: https://www.wikidata.org/wiki/Q441,Agave: https://www.wikidata.org/wiki/Q155874,1753,1819,"Alicante, España",Madrid (Spain : Region): https://viaf.org/viaf/169605151,"Hospital Real Militar de Alicante , Real y Pontificia Universidad de México: https://www.wikidata.org/wiki/Q372529 , Universidad de Toledo: https://www.wikidata.org/wiki/Q2302319",,médico: https://www.wikidata.org/wiki/Q39631,,,,,,"España: https://www.wikidata.org/wiki/Q29 , México: https://www.wikidata.org/wiki/Q96",,,,,,,,,"Demostracion de las eficaces virtudes nuevamente descubiertas en las raices de dos plantas de Nueva-España, especies de Ágave y de Begónia, para la curacion del vicio venéreo y escrofuloso, y de otras graves enfermedades que resisten al uso del Mercurio, y demas remedios conocidos"
Banda Longinos,,,Longinos Banda León,político: https://www.wikidata.org/wiki/Q82955,"botánico: https://www.wikidata.org/wiki/Q2374149 , profesor universitario: https://www.wikidata.org/wiki/Q1622272",,botánica: https://www.wikidata.org/wiki/Q441,Expedición de México a las islas Revillagigedo,1821,1898,"Colima (Colima, México): https://viaf.org/viaf/147765557",Guadalajara (México): https://viaf.org/viaf/237191244,,,político: https://www.wikidata.org/wiki/Q82955,,,"Diputado del Congreso general , Secretario de Gobierno de la Ciudad de México: https://www.wikidata.org/wiki/Q128938786",,,México: https://www.wikidata.org/wiki/Q96,,,,,,,,Encabezo en 1862 la primer expedición de México a las islas Revillagigedo,"De la yuca, considerada como un medio muy importante de alimentación para las familias pobres"
Mariano de la Bárcena: https://www.wikidata.org/wiki/Q6762425,Mariano de la Bárcena,Bárcena,Mariano de la Bárcena: https://www.wikidata.org/wiki/Q6762425,botánico: https://www.wikidata.org/wiki/Q2374149,"profesor universitario: https://www.wikidata.org/wiki/Q1622272 , Político",,botánica: https://www.wikidata.org/wiki/Q441,,1842,1899,Jalisco (Mexico): https://viaf.org/viaf/235066448,Mexico City (Mexico): https://viaf.org/viaf/316429178,"Escuela de ingenieros , Real Academia de Bellas Artes de San Carlos: https://www.wikidata.org/wiki/Q1470761 , Escuela Nacional Preparatoria: https://www.wikidata.org/wiki/Q1367381",,"naturalista: https://www.wikidata.org/wiki/Q18805 , botánico: https://www.wikidata.org/wiki/Q2374149 , ingeniero: https://www.wikidata.org/wiki/Q81096 , geólogo: https://www.wikidata.org/wiki/Q520549",,,"Director del Observador Astronómico Nacional de México , senador de México: https://www.wikidata.org/wiki/Q19971999 , Diputado suplente al Congreso de la Unión , Secretario de Gobierno de la Ciudad de México: https://www.wikidata.org/wiki/Q128938786","Sociedad Mexicana de Historia Natural: https://www.wikidata.org/wiki/Q6130937 , Sociedad Mexicana de Geografía y Estadística: https://www.wikidata.org/wiki/Q7551902","Sociedad Mexicana de Geografía y Estadística: https://www.wikidata.org/wiki/Q7551902 , Exposición de las Clases Productoras de Jalisco",México: https://www.wikidata.org/wiki/Q96,"Barreda , Gabino Rey Santiago: https://www.wikidata.org/wiki/Q713968 , Leopoldo Río de la Loza: https://www.wikidata.org/wiki/Q5973499","Ana María de la Bárcena , Rosa de la Bárcena",Bárcena,,,,Fundó el Observador Astronómico Nacional de México,Publicó 30 libros y folletos,"El marañón. Sus caracteres y propiedades. Su aclimatación en Jalisco, Aclimatación de plantas en la República, El árbol de manitas, Viaje a la caverna de Cacahuamilpa datos para la geología y la flora de los Estados de Morelos y Guerrero, Observaciones de plantas características de climas y terrenos. Descripción de la Bygnonia Viminalis, La Hauya elegans, Descripción de una nueva planta Mexicana, (Gaudichaudia Enrico-Martinezii), Las flores nocturnas, La flor de san Juan, Fenómenos periódicos de la vegetación : estudio correspondiente al año de 1879, Calendario botánico del Valle de México. Noticia de algunas plantas que caracterizaron la floracion en el año de 1879, El jardín botánico y de aclimatación de Guadalajara, Selvicultura: breves consideraciones sobre explotación y formación de los bosques, El Bosque de Chapultepec. Informe relativo á las causas que originan la destrucción de su arbolado, Coamecate"
Barinaga Hermenegildo,,,Hermenegildo Barinaga,botánico: https://www.wikidata.org/wiki/Q2374149,,,botánica: https://www.wikidata.org/wiki/Q441,,,,,,,,,,,,,,,,,,,,,,,Cultivo de la vida
John G. Barnard: https://www.wikidata.org/wiki/Q177497,,,John G. Barnard: https://www.wikidata.org/wiki/Q177497,botánico: https://www.wikidata.org/wiki/Q2374149,,,botánica: https://www.wikidata.org/wiki/Q441,,1815,1882,Sheffield (Mass.): https://viaf.org/viaf/125624190,"Detroit, Mich.: https://viaf.org/viaf/206144783065921868589",Academia Militar de los Estados Unidos: https://www.wikidata.org/wiki/Q9219,,militar: https://www.wikidata.org/wiki/Q47064,militar,,,,,,,,,,,,,,The isthmus of Tehuantepec: being the results of a survey for a bailroad to connect the Atlantic and Pacific Oceans
Barradas Francisco,,,Francisco Barradas,botánico: https://www.wikidata.org/wiki/Q2374149,,,botánica: https://www.wikidata.org/wiki/Q441,,,,,,,,,,,,,,,,,,,,,,,"Breves apuntes sobre la familia de las leguminosas, Estudio sobre la ambrosia Artemisaefolia"
José Barragán: https://www.wikidata.org/wiki/Q97657270,,,José Barragán: https://www.wikidata.org/wiki/Q97657270,botánico: https://www.wikidata.org/wiki/Q2374149,,,botánica: https://www.wikidata.org/wiki/Q441,,,,,,,,,,,,,,,,,,,,,,,El criptococcus del Pulque
Barriga Jose T,,,José T. Barriga,botánico: https://www.wikidata.org/wiki/Q2374149,,,botánica: https://www.wikidata.org/wiki/Q441,,,,,,,,,,,,,,,,,,,,,,,Apuntes para el estudio del Tlanepaquelite
Juan de Barrios: https://www.wikidata.org/wiki/Q57208615,,,Juan de Barrios: https://www.wikidata.org/wiki/Q57208615,botánico: https://www.wikidata.org/wiki/Q2374149,,,botánica: https://www.wikidata.org/wiki/Q441,,,,,,,,,,,,,,,,,,,,,,,"Verdadera Medicina, astrología y cirugía"
Barroso Francisco,,,Francisco Barroso,botánico: https://www.wikidata.org/wiki/Q2374149,,,botánica: https://www.wikidata.org/wiki/Q441,,,,,,,,,,,,,,,,,,,,,,,Apuntes sobre la vegetación del Istmo de Tehuantepec
Bartlett John Russell,,,John Russell Bartlett,botánico: https://www.wikidata.org/wiki/Q2374149,,,botánica: https://www.wikidata.org/wiki/Q441,,1805,1886,"Providence, Estados Unidos","Providence, Estados Unidos",Lowville Academy,,,,,,,,,,,,,,,,,Maiz or Indian Corn. Its Advantages as e Cheap and Nutritions article of use
Bartling Friedrich GottliebTheophil,,,Friedrich GottliebTheophil Bartling,naturalista: https://www.wikidata.org/wiki/Q18805,botánico: https://www.wikidata.org/wiki/Q2374149,,botánica: https://www.wikidata.org/wiki/Q441,,1798,1875,"Hanover, Alemania","Hanover, Alemania",Universidad de Gotinga: https://www.wikidata.org/wiki/Q152838,,naturalista: https://www.wikidata.org/wiki/Q18805,,,,,,,,,Brongniart,Adolphe,,,,,De Galphimiis mexicanis annotationes
José Ignacio Bartolache: https://www.wikidata.org/wiki/Q17462584,,,José Ignacio Bartolache: https://www.wikidata.org/wiki/Q17462584,médico: https://www.wikidata.org/wiki/Q39631,"matemático: https://www.wikidata.org/wiki/Q170790 , escritor: https://www.wikidata.org/wiki/Q36180 , botánico: https://www.wikidata.org/wiki/Q2374149",,botánica: https://www.wikidata.org/wiki/Q441,,1739,1790,Guanajuato (Mexico): https://viaf.org/viaf/124348288,Guanajuato (Mexico): https://viaf.org/viaf/124348288,"Antiguo Colegio de San Ildefonso: https://www.wikidata.org/wiki/Q2297137 , Seminario Tridentino",,médico: https://www.wikidata.org/wiki/Q39631,,,,"Real Sociedad Bascongada de Amigos del País: https://www.wikidata.org/wiki/Q3139307 , Real Casa de Moneda de México",,México: https://www.wikidata.org/wiki/Q96,,,,,,,Publicó El Mercurio Volante; Invento unas pastillas férricas para la anemia,,"Usos y abusos del pulque para curar enfermedades, Opúsculo Guadalupano"
Bassols Batalla Narciso,,,Narciso Bassols Batalla,botánico: https://www.wikidata.org/wiki/Q2374149,,,botánica: https://www.wikidata.org/wiki/Q441,,,,,,,,,,,,,,,,,,,,,,,Diccionario de Agricultura y economía rural o la casa rústica mexicana
Basurto Larraingar Andres,,,Andrés Basurto Larraingar,agrónomo: https://www.wikidata.org/wiki/Q1781198,botánico: https://www.wikidata.org/wiki/Q2374149,,botánica: https://www.wikidata.org/wiki/Q441,,,,,,,,agrónomo: https://www.wikidata.org/wiki/Q1781198,,,,,,,,,,,,,,,"La Scorzonera Hispánica, La caña agria, Instrucciones para cultivar la Sacalina"
Bateman James,Bateman,,James Bateman,Horticulturista,botánico: https://www.wikidata.org/wiki/Q2374149,,botánica: https://www.wikidata.org/wiki/Q441,,1811,1897,"Lancashire, Inglaterra","Worthing, Inglaterra",Universidad de Oxford: https://www.wikidata.org/wiki/Q34433,,Horticulturista,,,,,,Inglaterra: https://www.wikidata.org/wiki/Q21,,,Batemannia,Lindley,,,,,"The orchidaceae of México and Guatemala, A monograph of Odontoglossum"
Batlasa Zara,,,,,,,botánica: https://www.wikidata.org/wiki/Q441,,,,,,,,,,,,,,,,,,,,,,,
Baud Pierre Celestin Victor,Baud Victor,,Victor Pierre Celestin Baud,botánico: https://www.wikidata.org/wiki/Q2374149,,,botánica: https://www.wikidata.org/wiki/Q441,,1814,,"Bourganeuf, Francia",,,,,,,,,,,,,,,,,,,"La Zéide, substance alimentaire extraite du maís"
Bahuino Gaspar,,,Gaspar Bahuino,botánico: https://www.wikidata.org/wiki/Q2374149,,,botánica: https://www.wikidata.org/wiki/Q441,,,,,,,,,,,,,,,,,,,,,,,"Histoire des plantes de l'Europe, et des plus usitées qui viennent d'Asie, d'Afrique, & d'Amérique. : Où l'on voit leurs figures, leurs noms, en quel tems elles fleurissent, & le lieu où elles croissent. Avec un abregé de leurs qualitez, & de leurs vertus specifiques. De solanum Mexicanum, De Bryonia Mechoacana nigricans"
Johann Bauhin: https://www.wikidata.org/wiki/Q123660,,,,botánico: https://www.wikidata.org/wiki/Q2374149,,,botánica: https://www.wikidata.org/wiki/Q441,,,,,,,,,,,,,,,,,,,,,,,"Historia plantarum universalis nova et absolutussuma, cum consensu et dissensu circa esa"
Baz Agustin,,,Agustín Baz,botánico: https://www.wikidata.org/wiki/Q2374149,,,botánica: https://www.wikidata.org/wiki/Q441,,,,,,,,,,,,,,,,,,,,,,,"Opúsculo sobre la Valeriana, presentado a la Escuela de Medicina, en el concurso a la agregación de la cátedra de Farmacia"
Baz Gustavo A,,,Gustavo A. Baz,botánico: https://www.wikidata.org/wiki/Q2374149,,,botánica: https://www.wikidata.org/wiki/Q441,,,,,,,,,,,,,,,,,,,,,,,Apuntes para el cultivo de las Dunas en México
Beaufoy Mark,,,Mark Beaufoy,astrónomo: https://www.wikidata.org/wiki/Q11063,"Físico , botánico: https://www.wikidata.org/wiki/Q2374149",,botánica: https://www.wikidata.org/wiki/Q441,,1764,1827,,,,,astrónomo: https://www.wikidata.org/wiki/Q11063,militar,,Capitán de la Compañía de Voluntarios de Hackney,,,,,,,,,,,,"Mexican ilustrations & insterspersed with occasional remarks upon the climate, produce and antiquites of the country"
Carl Christian Becher: https://www.wikidata.org/wiki/Q94915064,,,Carl Christian Becher: https://www.wikidata.org/wiki/Q94915064,botánico: https://www.wikidata.org/wiki/Q2374149,,,botánica: https://www.wikidata.org/wiki/Q441,,,,,,,,,,,,,,,,,,,,,,,México in erei gnissoolen Jahre
Beer Johann Georg,Beer,,Johann Georg Beer,botánico: https://www.wikidata.org/wiki/Q2374149,gastador: https://www.wikidata.org/wiki/Q2314719,,botánica: https://www.wikidata.org/wiki/Q441,Orchidaceae: https://www.wikidata.org/wiki/Q25308,1803,1873,Vienne (Autriche): https://viaf.org/viaf/45145424500086831364,Vienne (Autriche): https://viaf.org/viaf/45145424500086831364,,,botánico: https://www.wikidata.org/wiki/Q2374149,,,,Academia Alemana de las Ciencias Naturales Leopoldina: https://www.wikidata.org/wiki/Q543804,,"Austria: https://www.wikidata.org/wiki/Q40 ,",,,,,,,Realizó varias expediciones botánicas a Sudamérica,,"Praktische Studien an der Familie der Orchideen, nebst Kulturanweisungen und Beschreibung aller schonblühenden tropischen Orchideen, Die Familie der Bromeliaceen. Nach ihrem habituellen Charakter bearbeitet mit besonderer Berücksichtigung der Ananassa, Beiträge zur morphologie und biologie der familie der orchideen"
Beltran y Puga Guillermo,Guillermo,,Guillermo Beltran y Puga,,,,botánica: https://www.wikidata.org/wiki/Q441,,1891,,,,,,,,,,,,,,,,,,,,,"Reseña de la topografía y geología de la Sierra de Guadalupe, Reseña de una excursión a la caverna de Cacahuamilpa y a la gruta Carlos Pacheco"
Benavides Alfonso de,,,Alfonso de Benavides,misionero: https://www.wikidata.org/wiki/Q219477,botánico: https://www.wikidata.org/wiki/Q2374149,,botánica: https://www.wikidata.org/wiki/Q441,,1578,1635,Portugal,Brazil: https://viaf.org/viaf/142985214,,,,,,,,,,,,,,,,,,"Relatio quam Philippo IV. catholico Hispaniarum, & c. regiper modum memorialis, sive libelli supplicis exhibuit Reverendiss"
Pedro Arias de Benavides: https://www.wikidata.org/wiki/Q19423911,,,Pedro Arias de Benavides: https://www.wikidata.org/wiki/Q19423911,botánico: https://www.wikidata.org/wiki/Q2374149,,,botánica: https://www.wikidata.org/wiki/Q441,,1521,,,,,,,,,,,,,,,,,,,,,Secretos de Chirurgia especial de las enfermedades de Morbo gálico y Lamparones y Mirrarchia y asi mismo la manera como se curan los Indios de llagas y heridas y otras pasiones en las Indias
Carlo Beni: https://www.wikidata.org/wiki/Q3659060,,,Carlo Beni: https://www.wikidata.org/wiki/Q3659060,botánico: https://www.wikidata.org/wiki/Q2374149,,,botánica: https://www.wikidata.org/wiki/Q441,,,,,,,,,,,,,,,,,,,,,,,Pulque dei Messicani
Bentham George,Benth,Benth,George Bentham,micólogo: https://www.wikidata.org/wiki/Q2487799,"botánico: https://www.wikidata.org/wiki/Q2374149 , pteridólogo: https://www.wikidata.org/wiki/Q16334509 , Taxònomo , profesor universitario: https://www.wikidata.org/wiki/Q1622272 , investigador: https://www.wikidata.org/wiki/Q1650915",,botánica: https://www.wikidata.org/wiki/Q441,taxonomía biológica: https://www.wikidata.org/wiki/Q8269924,1800,1884,"Stoke, Reino Unido",London (England): https://viaf.org/viaf/8676155769103627880004,,,"micólogo: https://www.wikidata.org/wiki/Q2487799 , abogado: https://www.wikidata.org/wiki/Q40348",,,Presidente de Sociedad Linneana de Londres,"Academia Alemana de las Ciencias Naturales Leopoldina: https://www.wikidata.org/wiki/Q543804 , Academia de Ciencias de Francia: https://www.wikidata.org/wiki/Q188771 , Real Academia de las Ciencias de Suecia: https://www.wikidata.org/wiki/Q191583 , Academia Estadounidense de las Artes y las Ciencias: https://www.wikidata.org/wiki/Q463303 , Sociedad Zoológica de Londres: https://www.wikidata.org/wiki/Q220198 , Academia Prusiana de las Ciencias: https://www.wikidata.org/wiki/Q329464",,Europa: https://www.wikidata.org/wiki/Q218640,Joseph Dalton Hooker: https://www.wikidata.org/wiki/Q157501,,"Benthamia, Neobenthamia, Benthamiella","Lindley y Richard, Rolfe, Wettstein y Spegazzini",,,Generó un sistema taxonómico,,"Plantas Hartwegianas: imprimis mexicanas adjectis nonnullis Grahamianis enumerat novasque describit, The Boyany of the Voyage of H.M.S, Notes on Loganiaceae, A synopsis of the Dalbergiane.A Tribe of the Leguminosae, Genera plantarum ad exemplaria imprimis in herbariis Kewensibus servata definita, On the Genera Swetia, Glycinae, Revision of the Genus Cassia, Revision of the suborder mimeseae, Notes on Euphorbiaceae, Notes on Cyperaceae, Notes on Orchideae, Notes on Gramineae"
Otto Karl Berg: https://www.wikidata.org/wiki/Q67868,O. Berg,,Otto Karl Berg: https://www.wikidata.org/wiki/Q67868,farmacéutico: https://www.wikidata.org/wiki/Q105186,"botánico: https://www.wikidata.org/wiki/Q2374149 , profesor universitario: https://www.wikidata.org/wiki/Q1622272",,botánica: https://www.wikidata.org/wiki/Q441,,1815,1866,"Szczecin, Polonia",Berlín: https://viaf.org/viaf/122530980,Universidad Humboldt de Berlín: https://www.wikidata.org/wiki/Q152087,,farmacéutico: https://www.wikidata.org/wiki/Q105186,,,,,,,,,,,,,Se especializó en la flora sudamericana,,"Revisio myrtacearum Americae, Ad myrtacearum Americanaru, Aequinoxialium recisionem Mantissae"
Berlandiere Jean Louis,Berland,,Jean Louis Berlandiere,médico: https://www.wikidata.org/wiki/Q39631,botánico: https://www.wikidata.org/wiki/Q2374149,,botánica: https://www.wikidata.org/wiki/Q441,,1805,1851,France: https://viaf.org/viaf/264091107,Tamaulipas (Mexico : State): https://viaf.org/viaf/132512733,,,"médico: https://www.wikidata.org/wiki/Q39631 , antropólogo: https://www.wikidata.org/wiki/Q4773904 , naturalista: https://www.wikidata.org/wiki/Q18805",,,,,,,,,Berlandiera,De Candolle,,,Hizo viajes de recolección de animales y plantas en Texas y otras partes de México,,"Diario del Viaje de la Comision de limites que puso el gobierno de la República bajo la dirección del Exmo. Sr. General de División D. Manuel de Mier y Terán, Expedición científica del General Terán a Texas"
Bermudez de Castro Juan,,,Juan Bermudez de Castro,botánico: https://www.wikidata.org/wiki/Q2374149,,,botánica: https://www.wikidata.org/wiki/Q441,,,,,,,,,,,,,,,,,,,,,,,"Sobre el uso medicinal de la Cebadilla, Otra sobre el mismo asunto"
Bernon E,,,,botánico: https://www.wikidata.org/wiki/Q2374149,,,botánica: https://www.wikidata.org/wiki/Q441,,,,,,,,,,,,,,,,,,,,,,,Étude de l´ecorce de Sapotillier
Bertoloni Antonio,Bertol,Bertol.,Antonio Bertoloni,"médico: https://www.wikidata.org/wiki/Q39631 , botánico: https://www.wikidata.org/wiki/Q2374149",Profesor,,botánica: https://www.wikidata.org/wiki/Q441,,1775,1869,"Liguria, Italia",Bologna (Italy : Province): https://viaf.org/viaf/312794095,Universidad de Pavía: https://www.wikidata.org/wiki/Q219317,,médico: https://www.wikidata.org/wiki/Q39631,,"Universidad de Bolonia: https://www.wikidata.org/wiki/Q131262 , Universidad de Génova: https://www.wikidata.org/wiki/Q593321",,"Academia Alemana de las Ciencias Naturales Leopoldina: https://www.wikidata.org/wiki/Q543804 , Academia de Ciencias de Turín: https://www.wikidata.org/wiki/Q2822396",,"Italia: https://www.wikidata.org/wiki/Q38 , Alemania: https://www.wikidata.org/wiki/Q183",Pietro Bubani: https://www.wikidata.org/wiki/Q684026,,"Bertolonia, Allium bertoloni, Ophrys bertolonii, Panicum bertolonianum","Agustin Pyrame De Candolle, Giuseppe De Notaris, Giuseppe L. Moretti, Josef August Schultes",,,,,"Flora italica, sistens plantas in Italia et insulis circumstantibus sponte nascentes"
Émile Bescherelle: https://www.wikidata.org/wiki/Q8078265,Besch,,Émilie Beschellere,"farmacéutico: https://www.wikidata.org/wiki/Q105186 , botánico: https://www.wikidata.org/wiki/Q2374149 , briólogo: https://www.wikidata.org/wiki/Q16334507",,,botánica: https://www.wikidata.org/wiki/Q441,,1828,1903,France: https://viaf.org/viaf/170385099,France: https://viaf.org/viaf/264091107,,,farmacéutico: https://www.wikidata.org/wiki/Q105186,,,,Société Botanique de France: https://www.wikidata.org/wiki/Q1506427,,Francia: https://www.wikidata.org/wiki/Q142,,,,,,,,,"Note sur les mousses du Méxique, Prodromus bryologiae mexicanae ou enumeration des mousses du Mexique avec description des espéces nouvelles, Mexicanas Plantas: Musci"
Rómulo Betancourt: https://www.wikidata.org/wiki/Q332081,,,Rómulo Betancourt: https://www.wikidata.org/wiki/Q332081,político: https://www.wikidata.org/wiki/Q82955,periodista: https://www.wikidata.org/wiki/Q1930187,,botánica: https://www.wikidata.org/wiki/Q441,,1908,1981,Venezuela: https://viaf.org/viaf/235482277,Estados Unidos: https://viaf.org/viaf/130168302,,,político: https://www.wikidata.org/wiki/Q82955,,,"Senador vitalicio de Venezuela , Presidente de la República de Venezuela , Presidente de Acción Democrática ,",Buró Político del Partido Comunista Costarricense,,"Estados Unidos: https://www.wikidata.org/wiki/Q30 ,",,,,,,,,Fundó el partido Acción Democrática,Estudio sobre el ahuacate
William Bullock: https://www.wikidata.org/wiki/Q919862,,Bullock,William Bullock,naturalista: https://www.wikidata.org/wiki/Q18805,"botánico: https://www.wikidata.org/wiki/Q2374149 , Anticuario , viajero: https://www.wikidata.org/wiki/Q22813352",,botánica: https://www.wikidata.org/wiki/Q441,,1773,1849,"Sheffield, Inglaterra",London (England): https://viaf.org/viaf/8676155769103627880004,,,zoólogo: https://www.wikidata.org/wiki/Q350979,,,director de museo: https://www.wikidata.org/wiki/Q22132694,Sociedad Linneana de Londres: https://www.wikidata.org/wiki/Q867447,,"Inglaterra: https://www.wikidata.org/wiki/Q21 , México: https://www.wikidata.org/wiki/Q96",,,,,,,,Fundó un museo de curiosidades naturales en Lord Street,"Le Mexique en 1823, ou relation d´un voyage dans la Nouvelle-Espagne: : contenant des notions exactes et peu connues sur la situation physique, morale et politique de ce pays."
Lucien Biart: https://www.wikidata.org/wiki/Q18000273,,,Lucien Biart: https://www.wikidata.org/wiki/Q18000273,médico: https://www.wikidata.org/wiki/Q39631,"naturalista: https://www.wikidata.org/wiki/Q18805 , botánico: https://www.wikidata.org/wiki/Q2374149 , escritor: https://www.wikidata.org/wiki/Q36180 , Científico",,botánica: https://www.wikidata.org/wiki/Q441,,1829,1897,"Versalles, Francia",France: https://viaf.org/viaf/170385099,Academia de Medicina de Puebla,,médico: https://www.wikidata.org/wiki/Q39631,,,,,,,,,,,,,,,"Aventuras de una naturalista en Méjico, La terre chaude; scénes de moeurs Mexicaines, La terre trempereé"
Bigelow Jacob,Bigelow,,Jacob Bigelow,"médico: https://www.wikidata.org/wiki/Q39631 , arquitecto: https://www.wikidata.org/wiki/Q42973 , zoólogo: https://www.wikidata.org/wiki/Q350979","botánico: https://www.wikidata.org/wiki/Q2374149 , profesor universitario: https://www.wikidata.org/wiki/Q1622272",,botánica: https://www.wikidata.org/wiki/Q441,,1787,1879,Massachusetts: https://viaf.org/viaf/130169058,Massachusetts: https://viaf.org/viaf/130169058,"Universidad Harvard: https://www.wikidata.org/wiki/Q13371 , Universidad de Pensilvania: https://www.wikidata.org/wiki/Q49117",,"médico: https://www.wikidata.org/wiki/Q39631 , arquitecto: https://www.wikidata.org/wiki/Q42973",,,,Academia Estadounidense de las Artes y las Ciencias: https://www.wikidata.org/wiki/Q463303,,"Estados Unidos: https://www.wikidata.org/wiki/Q30 , México: https://www.wikidata.org/wiki/Q96",,,Bigelowia,De Candolle,,,,,"American medical botany: being a collection of the native medicinal plants of the United States, containing their botanical history and chemical analysis, and properties and uses in medicine, diet and the arts, with coloured engravings, Botanice profil representing the geographical distribution of the Forest Trees aling a route fron Ar-kansas to Mexico"
Blazquez Ignacio,,,Ignacio Blazquez,botánico: https://www.wikidata.org/wiki/Q2374149,,,botánica: https://www.wikidata.org/wiki/Q441,,,,,,,,,,,,,,,,,,,,,,,"Memoria sobre el Maguey mexicano (agave maximilianea), Nosología de las plantas. El chahuistle, El maguey considerado como planta productora del suelo mexicano, Catálogo de las especies y variedades de Maguey que se cultivan en los Llanos de Apam y figura en perfil de sus pencas, Noches de verano o estudios familiares sobre la Historia Natural"
Blazquez Pedro,,,Pedro Blazquez,botánico: https://www.wikidata.org/wiki/Q2374149,,,botánica: https://www.wikidata.org/wiki/Q441,,,,,,,,,,,,,,,,,,,,,,,"Memoria sobre el Maguey mexicano (agave maximilianea), Nosología de las plantas. El chahuistle, El maguey considerado como planta productora del suelo mexicano, Catálogo de las especies y variedades de Maguey que se cultivan en los Llanos de Apam y figura en perfil de sus pencas, Noches de verano o estudios familiares sobre la Historia Natural"
Henri Bocquillon-Limousin: https://www.wikidata.org/wiki/Q36571011,,,Henri Bocquillon-Limousin: https://www.wikidata.org/wiki/Q36571011,botánico: https://www.wikidata.org/wiki/Q2374149,,,botánica: https://www.wikidata.org/wiki/Q441,,1856,1917,,,,,,,,,,,,,,,,,,,,Les plantes alexitéres de l´Amérique
Johann Otto Boeckeler: https://www.wikidata.org/wiki/Q10307778,Boeckeler,,Johann Otto Boeckeler: https://www.wikidata.org/wiki/Q10307778,farmacéutico: https://www.wikidata.org/wiki/Q105186,botánico: https://www.wikidata.org/wiki/Q2374149,,botánica: https://www.wikidata.org/wiki/Q441,,1803,1899,"Hannover, Alemania","Varel, Alemania",,,,,,,,,,,,,,,,,,Ueber die von Liebmann in Mexico gesammelten Cyperaceen
Désiré Georges Jean Marie Bois: https://www.wikidata.org/wiki/Q3045181,M. D. Bois,Bois,Désiré Georges Jean Marie Bois: https://www.wikidata.org/wiki/Q3045181,botánico: https://www.wikidata.org/wiki/Q2374149,"Horticultor , Agrónomo , profesor universitario: https://www.wikidata.org/wiki/Q1622272",,botánica: https://www.wikidata.org/wiki/Q441,,1856,1946,Granville (France): https://viaf.org/viaf/144253699,"Saint Mandé, Francia",,,"[""Botánico"" , horticultor: https://www.wikidata.org/wiki/Q3140857 , agrónomo: https://www.wikidata.org/wiki/Q1781198",,Museo Nacional de Historia Natural de Francia: https://www.wikidata.org/wiki/Q838691,"Presidente de la Sociedad Botánica de Francia , Director del Museo Nacional de Historia Natural de Francia","Société Botanique de France: https://www.wikidata.org/wiki/Q1506427 , Academia de Ciencias de Turín: https://www.wikidata.org/wiki/Q2822396 , Academia de Ciencias de ultramar: https://www.wikidata.org/wiki/Q337512",Orden Nacional de la Legión de Honor: https://www.wikidata.org/wiki/Q163700,Francia: https://www.wikidata.org/wiki/Q142,"Nicolas Auguste Paillieux , Georges Gibault: https://www.wikidata.org/wiki/Q113374249 ,",,"Kalanchoe boisi, Merremia boisiana, Pavonia boisiana, Polypodium boisii, Rosa boisii","Raymond Hamet - Joseph Marie Henry Alfred Perrier, Simon Jan Van Ooststroom, Antonio Krapovickas, Konrad Hermann Heinrich Christ, Jules Cardot",,,,Autoridad en la descripción y clasificación científica de los vegetales,Las cactaceas útiles
Pierre Edmond Boissier: https://www.wikidata.org/wiki/Q34430,Pierre Edmond,Boiss.,Pierre Edmond Boissier Butini,"botánico: https://www.wikidata.org/wiki/Q2374149 , matemático: https://www.wikidata.org/wiki/Q170790",gastador: https://www.wikidata.org/wiki/Q2314719,,botánica: https://www.wikidata.org/wiki/Q441,,1810,1885,"Ginebra, Suiza","Veleyres, Suiza",,,"[""Botánico"" , matemático: https://www.wikidata.org/wiki/Q170790",,,,Academia de Ciencias de Turín: https://www.wikidata.org/wiki/Q2822396,,Suiza: https://www.wikidata.org/wiki/Q39,William Barbey-Boissier: https://www.wikidata.org/wiki/Q3568417,Caroline Barbey-Boissier: https://www.wikidata.org/wiki/Q5753301,"Boissiera squarrosa, Acanthus boissieri, Allium boissieri, Bilacunaria boissieri, Laubertia boissieri,  Alexitoxicon boissieri, Anaphalis boissieri,  Euphorbia boissieriana, Sideritis boissieriana, Scrophularia boissieriana","Christian Ferdinand Friedrich Hochstetter - Ernst Gottlieb de Steudel, Heinrich Carl Haussknecht, Eduard August von Regel, Georges François Reuter, Michael Georgievich Pimenov - Vadim Tijomírov, Alphonse Louis Pierre Pyrame de Candolle, Nikolái Ivánovich Kuznetsov - Yevguenia Gueórguievna Pobedímova, Yaroslav Ivánovich Projánov, Gerardo Stübing Martínez, Hippolyte François Jaubert - Édouard Spach",,,,Boissiera es el título de la colección de Memorias de Botánica sistemática; publicado por el Conservatorio y Jardín Botánico de Ginebra,Voyage botanique dans le midi de l´Éspagne pedant l´année 1837
Bolaños Juan N,,,Juan N. Bolaños,botánico: https://www.wikidata.org/wiki/Q2374149,,,botánica: https://www.wikidata.org/wiki/Q441,,,,,,,,,,,,,,,,,,,,,,,"Maíz, Zumaque, Árbol de Santa María del Tule en el departamento de Oajaca"
Bolduc,,,,botánico: https://www.wikidata.org/wiki/Q2374149,,,botánica: https://www.wikidata.org/wiki/Q441,,,,,,,,,,,,,,,,,,,,,,,"Análisis del Mechoacan, de Nueva España"
Aimé Bonpland: https://www.wikidata.org/wiki/Q405702,Bonpl.,,Aimé Jaques Alexandre Bompland,médico: https://www.wikidata.org/wiki/Q39631,botánico: https://www.wikidata.org/wiki/Q2374149,,botánica: https://www.wikidata.org/wiki/Q441,,1773,1858,"La Rochelle, Francia",Entre Ríos (Argentina): https://viaf.org/viaf/154764348,,,médico: https://www.wikidata.org/wiki/Q39631,,,,"Academia Alemana de las Ciencias Naturales Leopoldina: https://www.wikidata.org/wiki/Q543804 , Academia de Ciencias de Baviera: https://www.wikidata.org/wiki/Q684415 , Sociedad de Geografía de París: https://www.wikidata.org/wiki/Q2297128 , Academia de Ciencias de Francia: https://www.wikidata.org/wiki/Q188771",,"Europa: https://www.wikidata.org/wiki/Q46 , América",,,,,,,,,"Plantes e?quinoxiales recueillies au Mexique, Mimosées et autres plantes légumineuses dunouveau continent, Monographie des melastomacées..."
Matthieu Bonafous: https://www.wikidata.org/wiki/Q1107072,Bonaf.,,Matthieu Bonafous: https://www.wikidata.org/wiki/Q1107072,"botánico: https://www.wikidata.org/wiki/Q2374149 , agrónomo: https://www.wikidata.org/wiki/Q1781198",,,botánica: https://www.wikidata.org/wiki/Q441,,1793,1852,"León (Francia, Golfo): https://viaf.org/viaf/244568218",France: https://viaf.org/viaf/170385099,Universidad de Ginebra: https://www.wikidata.org/wiki/Q503473,,"[""Botánico"" , agrónomo: https://www.wikidata.org/wiki/Q1781198",,,diputado del Reino de Cerdeña: https://www.wikidata.org/wiki/Q21767514,Academia de Ciencias de Turín: https://www.wikidata.org/wiki/Q2822396,sericicultura: https://www.wikidata.org/wiki/Q864650,Francia: https://www.wikidata.org/wiki/Q142,,,Bonafousia,Alphonse Louis Pierre Pyrame de Candolle,,,,,"Histoire naturelle, agricole et economique du maís"
Bonelli Giorgio,,,Giorgio Bonelli,botánico: https://www.wikidata.org/wiki/Q2374149,,,botánica: https://www.wikidata.org/wiki/Q441,,1724,1782,"Vicoforte, Italia","Vicoforte, Italia",,,,,,,,,Italia: https://www.wikidata.org/wiki/Q38,,,Bonellia,Carlo Luigi Giuseppe - Colla Luigi Aloysius,,,,,"Hortus Romanus, juxta systema Tournefortianum"
Alexandre Boreau: https://www.wikidata.org/wiki/Q2833488,,Boreau,Alexandre Boreau: https://www.wikidata.org/wiki/Q2833488,"botánico: https://www.wikidata.org/wiki/Q2374149 , farmacéutico: https://www.wikidata.org/wiki/Q105186",,,botánica: https://www.wikidata.org/wiki/Q441,,1803,1875,"Saumur, Francia",Angers: https://viaf.org/viaf/156582223,Jardín Botánico de Angers,,botánico: https://www.wikidata.org/wiki/Q2374149,,Jardín Botánico de Angers,Director del Jardín Botánico de Angers,,,Francia: https://www.wikidata.org/wiki/Q142,Hippolyte François Jaubert: https://www.wikidata.org/wiki/Q1620034,,Boreava orientalis,Hippolyte Francois Jaubert - Édouard Spach,,,,,"Notice sur l´agave Americana, suivie de la description de quelques plantes nouvelles ou peu connues."
Charles Francois Paul Alfred Preudhomme de Borre: https://www.wikidata.org/wiki/Q55071196,,,Charles Francois Paul Alfred Preudhomme de Borre: https://www.wikidata.org/wiki/Q55071196,botánico: https://www.wikidata.org/wiki/Q2374149,,,botánica: https://www.wikidata.org/wiki/Q441,,,,,,,,,,,,,,,,,,,,,,,Monographie des Agavées
Eugène Burnouf: https://www.wikidata.org/wiki/Q700638,Eugéne Burnouf,,Eugène Burnouf: https://www.wikidata.org/wiki/Q700638,"filólogo: https://www.wikidata.org/wiki/Q13418253 , indólogo: https://www.wikidata.org/wiki/Q18524037",botánico: https://www.wikidata.org/wiki/Q2374149,,botánica: https://www.wikidata.org/wiki/Q441,,1801,1852,France: https://viaf.org/viaf/170385099,France: https://viaf.org/viaf/170385099,École des chartes: https://www.wikidata.org/wiki/Q273570,,indólogo: https://www.wikidata.org/wiki/Q18524037,,"Escuela Normal Superior: https://www.wikidata.org/wiki/Q135436 , Collège de France: https://www.wikidata.org/wiki/Q202660",catedrático: https://www.wikidata.org/wiki/Q121594,Academia de las Inscripciones y Lenguas Antiguas,,Francia: https://www.wikidata.org/wiki/Q142,,Jean-Louis Burnouf: https://www.wikidata.org/wiki/Q3166670,,,,,Fundador de la Sociedad Asiática,,Excursión en la Huasteca y en la costa
Jean-Baptiste Boussingault: https://www.wikidata.org/wiki/Q503318,Jean-Baptiste Boussingault: https://viaf.org/viaf/76414227,,Jean-Baptiste Boussingault: https://www.wikidata.org/wiki/Q503318,"químico: https://www.wikidata.org/wiki/Q593644 , botánico: https://www.wikidata.org/wiki/Q2374149 , agrónomo: https://www.wikidata.org/wiki/Q1781198","profesor universitario: https://www.wikidata.org/wiki/Q1622272 , Político , académico: https://www.wikidata.org/wiki/Q3400985",,botánica: https://www.wikidata.org/wiki/Q441,Agave: https://www.wikidata.org/wiki/Q155874,1801,1887,France: https://viaf.org/viaf/170385099,France: https://viaf.org/viaf/170385099,"Colegio Real Frances , Museo Nacional de Historia Natural de Francia: https://www.wikidata.org/wiki/Q838691 , Escuela Nacional Superior de Minas de Saint-Étienne",,"químico , botánico: https://www.wikidata.org/wiki/Q2374149 , agricultor: https://www.wikidata.org/wiki/Q131512",doctor,"Universidad de Lyon: https://www.wikidata.org/wiki/Q10176 , Conservatorio Nacional de Artes y Oficios: https://www.wikidata.org/wiki/Q524289","consejero de Estado: https://www.wikidata.org/wiki/Q2994367 , catedrático: https://www.wikidata.org/wiki/Q121594 , diputado de España: https://www.wikidata.org/wiki/Q18171345","Academia Estadounidense de Ciencias , Academia Prusiana de las Ciencias: https://www.wikidata.org/wiki/Q329464 , academia de ciencias: https://www.wikidata.org/wiki/Q414147 , Real Academia de las Ciencias de Suecia: https://www.wikidata.org/wiki/Q191583 , Sociedad Filomática de París","Medalla Copley: https://www.wikidata.org/wiki/Q28003 , Oficial de la Orden Nacional de la Legión de Honor: https://www.wikidata.org/wiki/Q10855195","Francia: https://www.wikidata.org/wiki/Q142 , América del Sur: https://www.wikidata.org/wiki/Q18","Benoît Fourneyron: https://www.wikidata.org/wiki/Q818117 , Alexander von Humboldt: https://www.wikidata.org/wiki/Q6694 , Jean-Baptiste Dumas: https://www.wikidata.org/wiki/Q164824",Jean-Louis Boussingault: https://www.wikidata.org/wiki/Q22915205,,,gaylussita,Gay Lussac,Fundador de la química agrícola moderna; Establece la primer estación experimental agrícola; Primer análisis del crecimiento de las plantas y su desarrollo mediante la rotación de cultivos,,"Memoire sur la composition du Pulque, boisson fermentée, préparée avec la seve du Maguey (Agave Americana)"
